H(firstname),H(lastname),age,sex,vote
428692746f0d8665ba08ff22e1b7748cbff04dfc273fee7ded189e9c89b4577a,c7c0e01057b50f1dfc18c13a2d94a950f08e94cb3468de9165a586ad3349a116,25,Male,Purple
80b642c2056c739b8b8f12800770225a12b864718b3352f91cd582db1e7866ca,0c11e0d1f93b67389b9ee21db59a190af21982b63e26d172db94793e1594fce0,35,Female,Green
fb7226b6c3ab8839c20010030c4326598051fb5cc661f491971a665d31a59f2b,59bd0bb7213198c36b88b5e02dabb0575a2d2025015cba57fcba65ba179d2098,40,Female,Red
bc71bcd6b7b427082f0c728be9e4b0ec05a9c4e9e2743c2ed722dc6d0490857e,aab0430114c6b13309616c2b9a5b8e70176740884c789dced1c3333c9813b2ef,100,Female,Orange
b4ebdd8c1d071057dc412ce8cf1ed634b8445a74e305d115db9c302ca977d5fd,27803991e7395e23f19144725fa2031c592988d563d367030f19ca28654ba9cd,85,Female,Red
72b4a47a9453b1de6e063d9aaa766eb98e78d340508c4e5378d74a6eab0c17e7,48fd9217798b4f5e6d4d23ebdeef277f27f11526be63b457383fb094f27545de,25,Female,Orange
ca05d40ecf6eb333dd89848886a52e2cac9bbb79e1f6cc437abdf9bced46a906,4611a2a98bcb79f5c08fc17a8ec2b6dd9c0c65c7591de0b1df0f5a5cc75f56d3,20,Male,Purple
80c305dab5c88c09d403e6e3de4960e23a000bf5d2e7f21cff0201f4b55e38ca,9734828b9ac7d04098e690630636bcad7b89f4e06d6f07e8abc75eeb4fb44f87,45,Male,Green
47b40d5f44e082d1ac6d561cba4d639f2753481024d21f48007081b92b1dedad,23fdd0a50584786ddc104c3c7f99b2df4e61f530bf8625c18f2203648db4c0d7,100,Male,Green
3d78dfaa5a0702d8cb1023ebdd51898cd9db2a4334568304e710551631d0a823,e614491de9c728e6023edf38a70c78cd96c18ec56d60a6381dd0d926bc51994e,60,Female,Red
7362967ee5afb4708168fa602116d7e2a17127feaf8b0d8ab5034726de88b5d4,cb5fa1b3287416b170eadb9de6e34059057d71b79a49c2bd8fae0e44184f80de,95,Female,Red
586d7cef2b11d2b48be3659d6ff019057be8d9473f30a6216e92b0e238419936,c83d36929518f774a71a02559fb926bd1e2cb89caa1edf68d9867ce6a202470c,25,Female,Blue
11363a50ca1632f0344f524bc1f0a0c6c666b492c4dadc202acb762095a572c5,e2952bd44062906621e8e6a2e95caa5aceb322df7d98957cad532823254673ae,45,Male,Red
66cac5641eabb216407a6a2186edbdad9a3d91b7ab62a4e3c836e9ed760fb1eb,2cabbd36091b4850fc2b334c9c21906d8a57491ac3885f3d5b73263d48518860,95,Female,Green
d98ebb99a1dff34eabe8b150fa6202c477c0972da908863b1fbd49c705443de8,a562e3c2b1e8a58511ea69f16bb716cb5c4b416a6b190bde3178ba2b6c7d8b21,60,Female,Green
4963429b390ccdcdcdc69f9fb0aa8db598010592bf6cf40ea933dccb3267d863,ac1bdb3ddebffccf8e8ca108fdc12bfd76800bd76c83a51add787e9a147cd68e,95,Female,Red
e3f77236c10cc3215da9fd8c940db49e0e957832404eac40c9c6efadd8e06216,a101c62332de1204f829e4266803277feba7057461d6a683eacd1125ba1d5e57,45,Male,Purple
72e9897eb3ac7e5953080018fe2f064da83fc638f55a6e442dc22225a173a440,55c4f86422618c095c469b9a8b64789812770fb3760fc607f7fe0b52894790dd,90,Female,Blue
dcb2746b2c1a9bf3402d7a1fad2f3f703081d992653bca48b825ff52c6901d43,81b46435b43d15803b214392c7d74d1b2ba477832fca14e7a4b0c450d261407a,45,Male,Purple
eaf6b25a7ee752cafabf0d37ac0f0aebd77beb72068971e0f330428a9990ab85,8ea649c40e6e9400cbbd00e049c7de4929da12492745d1273f1a93556036169d,70,Male,Orange
cfc914e4da31d6d00c1e2c4a58e8729742869286026af08a2a302f0084637d8f,f92e73943ca4e9e126b0e0c5356b94fc6cd50f008d418f4e08a4b06833f2f1f3,70,Female,Red
7c6360b87f0203deb30c3fd6af6454d4c2195cb79f3d25624ae6c37de73b7129,abf517afbc3a134ea815f3906dcbb65c7af817e771df859a7a6b23f9ba2ffb6d,100,Male,Blue
ce90643e7f26da791bba8bcf2c61b5e7a07d9de720f53de719a170aff844be79,b24cb2bcb70d614a49e7aa0512dbea13bde3b77876bed7425e79b556c6d08731,60,Male,Blue
a5590a624dd4b3b66aea61e92c245af11ed7bb44a2e1838088b9e6e9556ec013,2842222a799da89c85a8e4aca1db0e1d726d0f558d18ca3c6af800c35d7eda53,75,Female,Orange
e6c6b044e185c41f7226cb4356105e79686ef2c273f41af227e392822ff20f8b,e9a13f23709749e0de25ef09174efcc6e4266e963229fb57320c8251deba3952,60,Male,Orange
60ebb2a27403c1e995c29ba719f303b95679d4af3ae40333ac675b5945f88102,caf48d539fd5cf5f0e89904bb5ba8aae5638ffa7ead2a37ee7b0c7452eaaf505,65,Male,Red
9b709d02cc0c6d690997f694df5074326a9c9c33924bd714d2df5a882d44ef90,9a2b8727c4be8c042167341c71b0e3d6b3b3b42ae1a8a7db782f6320789a0c21,75,Female,Red
3a3303e3b75924ee51b9d2e7e97c069a68a623f58a4ff56d062ffdee7285b75a,87f1ea9bc06086b28b19ca2f03908ecd9f62154d6de1318b23394294d1cc186e,30,Female,Purple
322837b99ef9be68d2217efee8e63805560832a4ebd216a67ee5e0ae728db347,22e021230fde2ff68ef5d447443e47240ed4c3d87966e9f4de910eea6751bd41,60,Male,Green
b0390fd54620df09f33d35501b83d79abf5c829c0a3c847366ef895e47e2aba5,dfa05f476e883b579410312743f862d7856adc2340d73489f5324717e726d32e,90,Female,Blue
49dc2b2ad494fd0c70e7de2c37c67e976675123a8b7ce7ad4a5193b25789a59b,36a685a1c4cdfec52f5e14cad20c3f62dd2657a05138bea4be7277c86645e2d8,25,Male,Blue
99429590c855eeb7d794dd9bc381b8dce53055a33cd822e0717d81db10a96c21,424341dd62eb67978fe188875b089c6d54c915024e86fe9d3f93868bda64a9d6,70,Female,Red
d3120dce47a593d14415f62e38069cf21c32e49dd08c0ce669e5c2c24e0e2dc6,3fa85ca7282c6a72baa4fc5bf4b201d05cd09a5f79b43b330fdeaaed8b5440d2,85,Female,Orange
5c5c010c7cbe4272d49e9f92078ddf7fa5fbf40e07fce833cb22a71dc97bba60,e215b61acd8bef642ffa6db2ec6edb6fd7a26acaffef147b138d59b1abbaeb91,40,Male,Orange
a2746d969f8c3ff5ed99449ac9c28df0fc49977ebabef43f7329ac3e88e6489b,a7ba8bbbe392344d946a173077712ea037e7f1a3adb2547a4c3e20684c15e511,20,Male,Green
9f0d02f3f35860d161683d533fb42e7e2472d1493757f8642f80a88f2fff1525,11b46bc4b6d802ce1aafdf0054e64b1750898c41b487512ccd2eb283b030494d,90,Male,Blue
bf661e7ebd2c4eb938b2a77e20d92c86f7c2a7e707d2199e302400b263fa6ad0,aed59ef0044d8c55a0ef8fed015f7a5d65d779e1fa6d71521993740cce8e1fa3,45,Male,Orange
f07ffa2ae64fa6841e14f7d0d1e423b533729573990ac74076225714f72bcbea,97d79fbb22418fb8ce4e8d8ab2ac24f1a5545c683b4fe5688839eccbd6839ca5,55,Female,Green
2725300c68dbf1fed7c992e01e0f3c9564e46af01b918db7ade7670916a9af61,5e0ece033f4afed0d206e639cd43a3b27a197adf622c4d2037cf2bf2f2f0b8b8,80,Female,Red
520bbdfadc76e88e67fbe5cd8383f696b12f89e59b6c45f79bbadb9c4c3ba087,9a4b9e75aafb6bb20173a0cd4039fb9d1ba87d6943a22f9279c838de207d352d,60,Male,Green
8e3b3f6cca323749b639f19b407d499db936a3dae4e2b54905d0d17d4a27734e,432773506f85bae176ef77110a2ae5409d30cca573cfd6cfa1f5c01bdf428b3e,90,Male,Red
843350af0928077dfa54d6a23abffd2a3d8b8286427abc2871525effb0e865c6,3c59da9f9051f16222f42d5943701d71c2e0c56aca18add2707c187ac9ab28c8,45,Male,Orange
2b239efb44859bb4008af10bcc66f3f55a4e2967a80bb96373a8c22851bfc2e9,869729a97959239f81cdcae67b08b15aebf3cca8f3a6ad86b5fa7e9f6bc98923,100,Male,Purple
374a6d92f756eb31f436f5422e1d7128cb94642fcbf3b533a2584e7fbae8a453,f964f9d696051d4795c5d956d8ade5c002b98695a2191e5ef15a06ca56ad42c7,80,Female,Orange
6fe05f331e0557852b87b457d50f31616c4134c8108aa869a6138a4747cb2c3b,7eadf7d7952fa3e8ff5c7f7f8778f7ce812791145b408e74d15cfb70fee16e6a,70,Female,Blue
7318822c8579f0d8a90aa3022454efb9591780025ddd3f58ca3a5f78735d5630,31dba1b6b47449780651a89d412d54d86ad9c02660a548e5828ce3fa29409646,90,Female,Blue
8031eadda533c4d75597b7ea2b5d3129cf3d8612a3c0a8109b019c38a856e720,0d38e1519f258b52f25f37de7287687852430db0af2bb6aa8596c005919aee98,70,Male,Red
570dd99060ff3acf0e5ce581d9557a8154b91b1649e5ca5bfa1471283b3c996f,de78ac8272e95cd23c635a37264e7a93cb3cfe8b24bafefc75a39bfd7ed29b1d,90,Male,Purple
973e19bd4ff890113c551086e60aedf9785f8c7f1b2961d45c41834640f5730b,220693c0c15a1b9c2dc63eaa3497c3871b6588fb6be6d096190269930e72795c,60,Female,Green
8b464ecac624c1881d9c50a0e7ce00913b4e08d4d01250e446ef541719ee5bcb,0c40eb4907c34be7f6f9d06634604c1d2bba1de186f13bddd05ace87cfc836b5,20,Male,Green
317433fda233ec7c49fdf907425f79b31d0008986aef67e0ac60dbc830d8d3a8,a883de3112b953c3b2ebb629a2f97eabf0f1ccd3a3c9f8207b2337ebe36c9458,20,Female,Blue
9761f7d8413008ef058dc745b4e8dcdd7d1ff95b7976d0b8a8d27527f84225dd,8a62d09202d51a6087ea90e532457cdbe88fb75490372b4ec1469ae46e20a369,50,Male,Purple
59a7234fa4a143f48fea385829c915e78513d588c6824da292eacf41e341d2fa,1d50efab8b1c5a25554dfe76609adbb987f92587c78e554ef03ca3522e27d25b,100,Female,Orange
c9f1a789a0110e692ea9fdf3698935ba08b56d46e4e06d024bb03462f04c7eab,20b9448c556d84ce121cc59fc0dd07f36eb5b5074d560a25ac5f3216a8c1148b,25,Female,Blue
dae9a18762b4c704fdfeffb4ea369b35c2fe52052acf22c05891868c326fbe20,bf4e7533a81e862be9fe4a53f9aa490c1e2240678f88122e4daecd9071f7a3f9,90,Male,Blue
082eb559c47384bf329e6939be606ddad5a03b107ca736871f25a3068742dffb,687de21a9cc51a238747f752364cad4344072d37ae45a6ea3683b838828dff20,20,Female,Blue
c9e5c5c4fea5a89bc09bd0cafbc7c7f939688781053cb0787934bec6353ed9eb,19a0b53649373752da45f55ca0ce8bd56e55be0a0eb848a7079cbb1a6ae559a8,30,Female,Blue
03e384e51d6b45ef734fdf1847fc7d32ae5211711c6f04d9e2acd7dadb91d2a2,66781a0d8cc87627d6c374fda57a79ccc0d58f8a3f025c372ebdd9096866ac72,65,Female,Green
77b6748a4106ad3d17e68af34ad1acb5ef74e89be2e9ee9a19d0d548bf712b8b,2dbbb9c193055ad9febec38916d1b11c703eed3654af52ec17bfb8dd0f4c117e,40,Female,Green
dec9895f75086aec8e0e68f711209423b0dd8acf43235357780f24b1c31c7494,5f12df888cb4b92b4996ae038618742be08b0927ba930a70536cd8175d503af8,40,Male,Orange
7c53e5632509546a5183acb37db10abb901bc6352de798c7238668684853e16a,428070952589bfd70f9f89379bcfd44a6cab75112336472ecc6fbe655f4aca7a,60,Male,Purple
214be5812cea8002f8e204329984f31cb0c2e7fdc02c5376e7d7ba131a75b3b9,00fac361b611d7e14c69e0f286dc09a03cd176c7b3c8874ec03ba10684cb659d,95,Female,Blue
3bcb0ca3977e6c3b820f68ebeee5a97621d29a7f6b8ae46b7a181e2ceb04b428,0b88a95193828dd3eaca43981a7258e19fe22b816cf55bb00a73c390a3158f36,35,Female,Purple
2a6e6cfe77e952730b8ef8f4efd1919d9c255ee5f217b3c02d40b4c906652609,5cbce879a8ac889823df927db324adbf571b3a7b7dd0b17aea598f9a6b1aff73,30,Male,Blue
07ce9dc34f7a49a3701a84ee184241dd42cba46fbe608d2d6c430102ebc860f0,dd6cc104056afa666de68902ee659b2711963f2f6e617a1b42dc7c02fda639a0,80,Female,Green
775178267861e10fc44a8bfd8c55f3e9f38fda16ad96dbaa531ec14be3bee036,5c2ef8efd75660bd3ba5e16140ce1ad54092add5c2d46c9fffbdf29e1e5d02ab,90,Female,Purple
1e07e861220a54bd386a54dd51cf61c4481ce1a798993ce1718d0d240d100307,059ac5e99bbac252bebbb68b1c19f5921a3df4db0363d88d16b1e1a94f4b16bc,70,Female,Red
02e1db5292a9bc171780f017ce964dc6e76627c657f578f0e73be6909e0f93f3,d51414094aab856388f3792d3fa15358b199f8bca789276b2f5a4c262524babf,55,Female,Blue
e529b7a50a96fdcbe1e54a1961be464fcd25b09d367704f49b9b350c7586e7ff,1f2bf98588aab4af87a0d1088f1afa911ca1a6fd9e81ee35042a29dca45d1712,95,Female,Purple
a38c181c99348fac809660fece3c80bb7c92d45bda38570e29115dd5551d2fc1,e859efd5f8cb753c63775b37a427198c06b0379e1c864f6fbd95aaae0f66bfbb,90,Male,Blue
decacac7cbebf9f8cf9d42fc2880f0666bd844ad858e6991b9d37729c14aa200,4ffb5d34b14b669a75204c453f89efd52d1348b828defabcddd36a3036dd04de,60,Male,Green
7fbbf41bedc17368fa9c2c8b36bffc00f873f7c7006c4e07dc1678cdc88ac6f2,7fc965b47dedad4128cd0b0832034ae72b3ee5e69ce9cedf624ea0a4881409df,60,Female,Green
48f2ef2586cfb5d53899024706c5878819600fee0c4f9534ab0865327f07c2c9,4fdffda237c0807c85e30a20199acfd7e0be62a7375fe914cb88c5a7560186be,70,Male,Blue
2d6cd2493ac500b8a8f36c1e8ebade9bc9ab700848f52170ee78af6de0106b81,f4120249db1cd29b83219c86feaa07979d13518fdf183c165bb8e37b9ec5cc0d,55,Female,Purple
cb8a3c51dc3eb83a30b98ef6ba62b79f2c0422570c9ab8db653730fb119a579a,27ba44d1d91874ccb8ecd3b9049d93d59a1949d791359580b7cfb7bb506a8ab2,70,Male,Red
448679be9c409f2b0921b62f22b87c18d86602c9bdc8d0a141addf13dde4fc32,3258f511d6386e328ff4e2f7e72877d45fe2a7ceb8e862cadad45dcb9a2b7dc0,25,Female,Green
84dc07e554d941bb445efe38827c202872b976f69fe8b3df517e4c1beddcf268,bc948225709c0bc3fe87bc9ad09f5da835b8375cd85f4643136a02ecc64d7169,90,Female,Orange
369c944e0b9e775da8988facd20f9a89c00f0a58f7a78e81141d0a09761ab76e,36c4a695d21a1a812295296fda28b21ed56768c9669e414c4348ddde39ac7386,60,Female,Orange
f0eb2b51c2e0116c5119c8dcad95b337505bd2e7c4e1271ab2c6d576515deb49,610640577566114664ee73ae27435131809d214b4b22eaff37d1d6975f18954b,60,Male,Red
e60297763949f71b1328075df68c43ac01f75d126f4bfff1da2a6dc00c882264,87ed28d52d269da1db5385fb60f30f70f32859293e3934db10a673f1e984b1ec,45,Male,Orange
3abcca6f86ef15122690a65d5e88e75e2b15abd327b0a434a40d57a8469176e3,1398f26858e322768682fba1e64e933b2c2a0001c4bf0e85bf55180e5e855847,100,Male,Purple
1d81430ac8d8d7f3cd5ea9f0439b2b3553f8f6561f0cdd156aff43c27d797788,7608990081cd297adbffe079e96c6adc77cd769c7a6cfa812ebef2da369cd2d3,45,Male,Green
82f5b05ae59b931bb7da3fe198f221b273ca522806f0078637ab0ceb723712e6,ed387c793cecb217e30dd3cff244d3493dfe0f9273d69e2bdb653144d81458ce,70,Female,Purple
27349b845892b2e19e564929f189f1a1243f27811aba09df237f04e1d3b8eb7e,4b1e6a4bcfc65b8d48e09704454ca542886a4a96389268310e17a2714becca8b,100,Male,Green
9bae044c35709fbf37a3cb126deb1af22c616ceb6bfdfce3eeb65bec4f34ff4d,e351bb139f14755c2f56c9c00316209abf83b2e5ea2e0c8f70f2992d2a57b16b,95,Female,Blue
c0352032cdefd084d4ae7732a9f7b5098a825d64d74d75d31f7c66cc575ec698,2bf986cc90e5673785ecd4899bf86503d040b109fbb10c177f8dd1c9acd57ea2,60,Female,Green
ba4737004f04ae6531e487442787a01a3359d90c0bb9a0ea49b548dc04c2a446,ba8863fe49371abebabb7d3d1a7547007996b4dd36e241003e7448cd3d0f11b3,60,Female,Purple
59fe92e12f710609674c4adc582b97749fdd60aab61b3377910006499b1e164d,5f20ddadd725b733faccc56785ce5165537333f4c8cbc2c16d2886457c5e3de6,85,Female,Purple
616c07ed4fe1a1168c82ee7937a7090245f4e2839205a1b836c73868f52aa6f9,d7e957c13c89e6ce0f9d4cdf07917887d85da9afd205c28402a3f7b06e144367,85,Female,Red
c677797aa442a3ac9f1dd3b51b51d8c76c2208df29443c0d0cbc14163473cc54,8b36029906201f6777311d7106ad7527926831600bd7ddbde5cdf8a530e9786e,20,Male,Blue
bbcf9ae8fa13ee70a6169bf92cf2729d8baf27c04aae546440e3d408bcb4796d,abc197ab3c557de13904397470f79904a89d658e10b2b9281381adcb3a72735e,80,Female,Green
ed7d434bfbfd8e753a637dc49de9d27b1dbfce338ae58c1fbb55efa64dc027c0,98c1cae644348c8d9d23e5a2edc3471df93d2ed2fcc3911b7e318164f4d72b7f,70,Female,Blue
7f209304f9d4078e2384758b12f28892eeefc6f5316e237c44b313691bb56b7b,cd1df55adf1fcfcef69b39533213b6a55778ff09dec81a73f35b061274e6b8d5,95,Female,Orange
f4de0295f36c50043522189fcba50837b15d63ff809905b47d9601bc153642ce,fcdb8127911894b51567dba919f57bd854b412a75bc4d4eb791d700906a18802,90,Female,Red
f26c91b9496643ea85f82c30a8b0d08ac2ad46edb3947cdea1ae7f0d2e33cb9d,209fbf663cf1c120d58eb79a71eec51f482b82072ffcacf1c48b667db1f0f2e7,30,Female,Purple
e43469725f06d6baaa33b562064088b5377a27772dac30611185beb1e13c1631,d7c8a88f40618d59619ded89b3b23161bee056445019ceee05bb74fdabbb19b5,25,Female,Green
f83ed5170820fdd289ba71e77346c3347db2f9f853987e0d345a1328e308d5b4,9201c7ac7c431be2eb949f5a5aa62de35e5f9d29f77c3e9a6297818903c7197b,95,Female,Orange
a2148b47365f69a494b9b000212189950437acb2b4744a18d651e59496eb88aa,a0613bf59761b3f24763edb4fc8b23ec09b085f8e384cd821d3636d8dd8f43bd,70,Female,Blue
728d5a12ae1f94cca47e6f3ec134df1f2b9d84388a8ff259863d2dcdbfc76e43,ce1716dab266a1a66128130bab91b4210c0dc6fd1c6fd2c1029256ceb6620b07,45,Male,Blue
91c006ec96a958367201eccd4473716b1113d8c2b9110cbe8aa7ad11988ce16f,f1f580462f722358c7fb95ecb3c477fa1046dc726af6fc81fb36da2f2fe31318,80,Female,Blue
13646ccf4c0685a24af547fd8909a90a9705b7aaeecf32a3bcdf5a81120eeea2,8e1c1d83cd70591af6aabc84a0980f70d8b3e333da950770ba0d2cd156eb52c8,85,Male,Red
